Workbook

Sheet Transaction History
A1: Time (AEST) | B1: Type | C1: Summary | D1: Transaction Id | E1: Bet Id | F1: Amount | G1: Balance | H1: Single | I1: Multiple | J1: Exotic | K1: Pool | L1: Player
A2: 46063.707 | B2: Deposit | C2: Funds transferred to group | D2: 8977639643 | F2: 33.33 | G2: 33.33 | L2: Shawry
A3: 46063.709 | B3: Deposit | C3: Funds transferred to group | D3: 8977649953 | F3: 33.33 | G3: 66.66 | L3: JP
A4: 46067.799 | B4: Deposit | C4: Funds transferred to group | D4: 8990396212 | F4: 33.33 | G4: 99.99 | L4: Shaz
A5: 46083.833 | B5: Bet Stake | C5: Sydney Swans v Carlton Same Game Multi | D5: 9031675115 | E5: 6637936094 | F5: -10 | G5: 89.99 | H5: TRUE | I5: FALSE | J5: FALSE | K5: FALSE | L5: Shawry
A6: 46083.838 | B6: Bet Stake | C6: Sydney Swans v Carlton Same Game Multi | D6: 9031687706 | E6: 6637945916 | F6: -10 | G6: 79.99 | H6: TRUE | I6: FALSE | J6: FALSE | K6: FALSE | L6: Shaz
A7: 46083.845 | B7: Bet Stake | C7: Brisbane Lions v Western Bulldogs Same Game Multi | D7: 9031704665 | E7: 6637958346 | F7: -5 | G7: 74.99 | H7: TRUE | I7: FALSE | J7: FALSE | K7: FALSE | L7: Shawry
A8: 46083.847 | B8: Bet Stake | C8: Gold Coast SUNS v Geelong Cats Same Game Multi | D8: 9031707877 | E8: 6637960572 | F8: -4.99 | G8: 70 | H8: TRUE | I8: FALSE | J8: FALSE | K8: FALSE | L8: Shawry
A9: 46084.622 | B9: Bet Stake | C9: Gold Coast SUNS v Geelong Cats Head to Head Geelong Cats @ 2.28 (Win) | D9: 9032484311 | E9: 6638523300 | F9: -10 | G9: 60 | H9: TRUE | I9: FALSE | J9: FALSE | K9: FALSE | L9: JP
A10: 46084.768 | B10: Void | C10: Sydney Swans v Carlton Same Game Multi | D10: 9032917935 | E10: 6637936094 | F10: 10 | G10: 70 | H10: TRUE | I10: FALSE | J10: FALSE | K10: FALSE | L10: Shawry
A11: 46084.873 | B11: Bet Stake | C11: Sydney Swans v Carlton Same Game Multi | D11: 9033163581 | E11: 6639009494 | F11: -10 | G11: 60 | H11: TRUE | I11: FALSE | J11: FALSE | K11: FALSE | L11: Shawry
A12: 46086.925 | B12: Win | C12: Sydney Swans v Carlton Same Game Multi | D12: 9038396443 | E12: 6637945916 | F12: 18 | G12: 78 | H12: TRUE | I12: FALSE | J12: FALSE | K12: FALSE | L12: Shaz
A13: 46086.935 | B13: Bet Stake | C13: St Kilda v Collingwood Same Game Multi | D13: 9038464339 | E13: 6642760139 | F13: -10 | G13: 68 | H13: TRUE | I13: FALSE | J13: FALSE | K13: FALSE | L13: Shaz
A14: 46088.372 | B14: Bet Stake | C14: GWS GIANTS v Hawthorn Same Game Multi | D14: 9042740875 | E14: 6645938439 | F14: -10 | G14: 58 | H14: TRUE | I14: FALSE | J14: FALSE | K14: FALSE | L14: JP
A15: 46088.403 | B15: Bet Stake | C15: GWS GIANTS v Hawthorn Same Game Multi | D15: 9042847151 | E15: 6646024495 | F15: 0 | G15: 58 | H15: TRUE | I15: FALSE | J15: FALSE | K15: FALSE | L15: Shawry
A16: 46088.764 | B16: Cashed Out | C16: GWS GIANTS v Hawthorn Same Game Multi | D16: 9048021533 | E16: 6646024495 | F16: 4.96 | G16: 62.96 | H16: TRUE | I16: FALSE | J16: FALSE | K16: FALSE | L16: Shawry
... A219: 46235.939 | B219: Bet Stake | C219: Richmond v West Coast Eagles Same Game Multi | D219: 9518104633 | E219: 6987691542 | F219: -12 | G219: 76.8 | H219: TRUE | I219: FALSE | J219: FALSE | K219: FALSE | L219: Shaz

Sheet Bet Summary
A1: {=UNIQUE('Transaction History'!L:L)} -> Player | B1: Total Bets Placed | C1: Total Valid Bets | D1: Wins | E1: Losses | F1: Voids | G1: Cashed Out | H1: Total Win % | I1: $ Wins | J1: $ Losses | K1: $ Profit | L1: Balance
A2: Shawry | B2: =COUNTIFS('Transaction History'!L:L,A2,'Transaction History'!B:B,"Bet Stake") -> 56 | C2: =COUNTIFS('Transaction History'!L:L,A2, #REF!,"Win") + COUNTIFS('Transaction History'!L:L,A2, #REF!,"Loss")+COUNTIFS('Transaction History'!L:L,A2, #REF!,"Cashout") -> #VALUE! | D2: =COUNTIFS('Transaction History'!L:L,A2,#REF!,"Win") -> #VALUE! | E2: =COUNTIFS('Transaction History'!L:L,A2,#REF!,"Loss") -> #VALUE! | F2: =COUNTIFS('Transaction History'!L:L,A2,#REF!,"Void") -> #VALUE! | G2: =COUNTIFS('Transaction History'!L:L,A2,#REF!,"Cashout") -> #VALUE! | H2: =D2/C2 -> #VALUE! | I2: =SUMIFS(#REF!, 'Transaction History'!L:L,A2) -> #N/A | J2: =SUMIFS(#REF!, 'Transaction History'!L:L,A2) -> #N/A | K2: =I2-J2 -> #N/A | L2: =sum(K2:K4)+99.99 -> #N/A
A3: JP | B3: =COUNTIFS('Transaction History'!L:L,A3,'Transaction History'!B:B,"Bet Stake") -> 46 | C3: =COUNTIFS('Transaction History'!L:L,A3, #REF!,"Win") + COUNTIFS('Transaction History'!L:L,A3, #REF!,"Loss")+COUNTIFS('Transaction History'!L:L,A3, #REF!,"Cashout") -> #VALUE! | D3: =COUNTIFS('Transaction History'!L:L,A3,#REF!,"Win") -> #VALUE! | E3: =COUNTIFS('Transaction History'!L:L,A3,#REF!,"Loss") -> #VALUE! | F3: =COUNTIFS('Transaction History'!L:L,A3,#REF!,"Void") -> #VALUE! | G3: =COUNTIFS('Transaction History'!L:L,A3,#REF!,"Cashout") -> #VALUE! | H3: =D3/C3 -> #VALUE! | I3: =SUMIFS(#REF!, 'Transaction History'!L:L,A3) -> #N/A | J3: =SUMIFS(#REF!, 'Transaction History'!L:L,A3) -> #N/A | K3: =I3-J3 -> #N/A
A4: Shaz | B4: =COUNTIFS('Transaction History'!L:L,A4,'Transaction History'!B:B,"Bet Stake") -> 51 | C4: =COUNTIFS('Transaction History'!L:L,A4, #REF!,"Win") + COUNTIFS('Transaction History'!L:L,A4, #REF!,"Loss")+COUNTIFS('Transaction History'!L:L,A4, #REF!,"Cashout") -> #VALUE! | D4: =COUNTIFS('Transaction History'!L:L,A4,#REF!,"Win") -> #VALUE! | E4: =COUNTIFS('Transaction History'!L:L,A4,#REF!,"Loss") -> #VALUE! | F4: =COUNTIFS('Transaction History'!L:L,A4,#REF!,"Void") -> #VALUE! | G4: =COUNTIFS('Transaction History'!L:L,A4,#REF!,"Cashout") -> #VALUE! | H4: =D4/C4 -> #VALUE! | I4: =SUMIFS(#REF!, 'Transaction History'!L:L,A4) -> #N/A | J4: =SUMIFS(#REF!, 'Transaction History'!L:L,A4) -> #N/A | K4: =I4-J4 -> #N/A

Sheet Bets Each Round
A1: =IFERROR(__xludf.DUMMYFUNCTION("UNIQUE( FILTER( {'Transaction History'!L:L,#REF!}, 'Transaction History'!L:L<>"""", 'Transaction History'!B:B<>""Deposit"" ) )"),"#REF!") -> #REF! | C1: Round | D1: Bets | E1: Wins | F1: Losses | G1: Valid Bets | H1: Win % | I1: Return ($) | J1: Return % | K1: Aggregate Return
C2: 0 | D2: =COUNTIFS('Transaction History'!L:L,$A2, #REF!,$B2, 'Transaction History'!B:B,"Bet Stake") -> #VALUE! | E2: =COUNTIFS('Transaction History'!L:L,$A2, #REF!,$B2, #REF!,"Win") -> #VALUE! | F2: =COUNTIFS('Transaction History'!L:L,$A2, #REF!,$B2, #REF!,"Loss") -> #VALUE! | G2: =E2+F2 -> #VALUE! | H2: =E2/G2 -> #VALUE! | I2: =SUMIFS(#REF!, 'Transaction History'!L:L,$A2, #REF!,$B2) - SUMIFS(#REF!, 'Transaction History'!L:L,$A2, #REF!,$B2) -> #N/A | J2: =IFERROR( (SUMIFS(#REF!, 'Transaction History'!L:L,$A2, #REF!,$B2) - SUMIFS(#REF!, 'Transaction History'!L:L,$A2, #REF!,$B2)) / ABS(SUMIFS('Transaction History'!F:F, 'Transaction History'!L:L,$A2, #REF!,$B2, 'Transaction History'!B:B,"Bet Stake")), 0) -> 0 | K2: =SUMIFS($I:$I, $A:$A, A2, $C:$C, "<=" & C2) -> 0
C3: 0 | D3: =COUNTIFS('Transaction History'!L:L,$A3, #REF!,$B3, 'Transaction History'!B:B,"Bet Stake") -> #VALUE! | E3: =COUNTIFS('Transaction History'!L:L,$A3, #REF!,$B3, #REF!,"Win") -> #VALUE! | F3: =COUNTIFS('Transaction History'!L:L,$A3, #REF!,$B3, #REF!,"Loss") -> #VALUE! | G3: =E3+F3 -> #VALUE! | H3: =E3/G3 -> #VALUE! | I3: =SUMIFS(#REF!, 'Transaction History'!L:L,$A3, #REF!,$B3) - SUMIFS(#REF!, 'Transaction History'!L:L,$A3, #REF!,$B3) -> #N/A | J3: =IFERROR( (SUMIFS(#REF!, 'Transaction History'!L:L,$A3, #REF!,$B3) - SUMIFS(#REF!, 'Transaction History'!L:L,$A3, #REF!,$B3)) / ABS(SUMIFS('Transaction History'!F:F, 'Transaction History'!L:L,$A3, #REF!,$B3, 'Transaction History'!B:B,"Bet Stake")), 0) -> 0 | K3: =SUMIFS($I:$I, $A:$A, A3, $C:$C, "<=" & C3) -> 0
C4: 0 | D4: =COUNTIFS('Transaction History'!L:L,$A4, #REF!,$B4, 'Transaction History'!B:B,"Bet Stake") -> #VALUE! | E4: =COUNTIFS('Transaction History'!L:L,$A4, #REF!,$B4, #REF!,"Win") -> #VALUE! | F4: =COUNTIFS('Transaction History'!L:L,$A4, #REF!,$B4, #REF!,"Loss") -> #VALUE! | G4: =E4+F4 -> #VALUE! | H4: =E4/G4 -> #VALUE! | I4: =SUMIFS(#REF!, 'Transaction History'!L:L,$A4, #REF!,$B4) - SUMIFS(#REF!, 'Transaction History'!L:L,$A4, #REF!,$B4) -> #N/A | J4: =IFERROR( (SUMIFS(#REF!, 'Transaction History'!L:L,$A4, #REF!,$B4) - SUMIFS(#REF!, 'Transaction History'!L:L,$A4, #REF!,$B4)) / ABS(SUMIFS('Transaction History'!F:F, 'Transaction History'!L:L,$A4, #REF!,$B4, 'Transaction History'!B:B,"Bet Stake")), 0) -> 0 | K4: =SUMIFS($I:$I, $A:$A, A4, $C:$C, "<=" & C4) -> 0
C5: 1 | D5: =COUNTIFS('Transaction History'!L:L,$A5, #REF!,$B5, 'Transaction History'!B:B,"Bet Stake") -> #VALUE! | E5: =COUNTIFS('Transaction History'!L:L,$A5, #REF!,$B5, #REF!,"Win") -> #VALUE! | F5: =COUNTIFS('Transaction History'!L:L,$A5, #REF!,$B5, #REF!,"Loss") -> #VALUE! | G5: =E5+F5 -> #VALUE! | H5: =E5/G5 -> #VALUE! | I5: =SUMIFS(#REF!, 'Transaction History'!L:L,$A5, #REF!,$B5) - SUMIFS(#REF!, 'Transaction History'!L:L,$A5, #REF!,$B5) -> #N/A | J5: =IFERROR( (SUMIFS(#REF!, 'Transaction History'!L:L,$A5, #REF!,$B5) - SUMIFS(#REF!, 'Transaction History'!L:L,$A5, #REF!,$B5)) / ABS(SUMIFS('Transaction History'!F:F, 'Transaction History'!L:L,$A5, #REF!,$B5, 'Transaction History'!B:B,"Bet Stake")), 0) -> 0 | K5: =SUMIFS($I:$I, $A:$A, A5, $C:$C, "<=" & C5) -> 0
C6: 1 | D6: =COUNTIFS('Transaction History'!L:L,$A6, #REF!,$B6, 'Transaction History'!B:B,"Bet Stake") -> #VALUE! | E6: =COUNTIFS('Transaction History'!L:L,$A6, #REF!,$B6, #REF!,"Win") -> #VALUE! | F6: =COUNTIFS('Transaction History'!L:L,$A6, #REF!,$B6, #REF!,"Loss") -> #VALUE! | G6: =E6+F6 -> #VALUE! | H6: =E6/G6 -> #VALUE! | I6: =SUMIFS(#REF!, 'Transaction History'!L:L,$A6, #REF!,$B6) - SUMIFS(#REF!, 'Transaction History'!L:L,$A6, #REF!,$B6) -> #N/A | J6: =IFERROR( (SUMIFS(#REF!, 'Transaction History'!L:L,$A6, #REF!,$B6) - SUMIFS(#REF!, 'Transaction History'!L:L,$A6, #REF!,$B6)) / ABS(SUMIFS('Transaction History'!F:F, 'Transaction History'!L:L,$A6, #REF!,$B6, 'Transaction History'!B:B,"Bet Stake")), 0) -> 0 | K6: =SUMIFS($I:$I, $A:$A, A6, $C:$C, "<=" & C6) -> 0
C7: 1 | D7: =COUNTIFS('Transaction History'!L:L,$A7, #REF!,$B7, 'Transaction History'!B:B,"Bet Stake") -> #VALUE! | E7: =COUNTIFS('Transaction History'!L:L,$A7, #REF!,$B7, #REF!,"Win") -> #VALUE! | F7: =COUNTIFS('Transaction History'!L:L,$A7, #REF!,$B7, #REF!,"Loss") -> #VALUE! | G7: =E7+F7 -> #VALUE! | H7: =E7/G7 -> #VALUE! | I7: =SUMIFS(#REF!, 'Transaction History'!L:L,$A7, #REF!,$B7) - SUMIFS(#REF!, 'Transaction History'!L:L,$A7, #REF!,$B7) -> #N/A | J7: =IFERROR( (SUMIFS(#REF!, 'Transaction History'!L:L,$A7, #REF!,$B7) - SUMIFS(#REF!, 'Transaction History'!L:L,$A7, #REF!,$B7)) / ABS(SUMIFS('Transaction History'!F:F, 'Transaction History'!L:L,$A7, #REF!,$B7, 'Transaction History'!B:B,"Bet Stake")), 0) -> 0 | K7: =SUMIFS($I:$I, $A:$A, A7, $C:$C, "<=" & C7) -> 0
C8: 2 | D8: =COUNTIFS('Transaction History'!L:L,$A8, #REF!,$B8, 'Transaction History'!B:B,"Bet Stake") -> #VALUE! | E8: =COUNTIFS('Transaction History'!L:L,$A8, #REF!,$B8, #REF!,"Win") -> #VALUE! | F8: =COUNTIFS('Transaction History'!L:L,$A8, #REF!,$B8, #REF!,"Loss") -> #VALUE! | G8: =E8+F8 -> #VALUE! | H8: =E8/G8 -> #VALUE! | I8: =SUMIFS(#REF!, 'Transaction History'!L:L,$A8, #REF!,$B8) - SUMIFS(#REF!, 'Transaction History'!L:L,$A8, #REF!,$B8) -> #N/A | J8: =IFERROR( (SUMIFS(#REF!, 'Transaction History'!L:L,$A8, #REF!,$B8) - SUMIFS(#REF!, 'Transaction History'!L:L,$A8, #REF!,$B8)) / ABS(SUMIFS('Transaction History'!F:F, 'Transaction History'!L:L,$A8, #REF!,$B8, 'Transaction History'!B:B,"Bet Stake")), 0) -> 0 | K8: =SUMIFS($I:$I, $A:$A, A8, $C:$C, "<=" & C8) -> 0
C9: 2 | D9: =COUNTIFS('Transaction History'!L:L,$A9, #REF!,$B9, 'Transaction History'!B:B,"Bet Stake") -> #VALUE! | E9: =COUNTIFS('Transaction History'!L:L,$A9, #REF!,$B9, #REF!,"Win") -> #VALUE! | F9: =COUNTIFS('Transaction History'!L:L,$A9, #REF!,$B9, #REF!,"Loss") -> #VALUE! | G9: =E9+F9 -> #VALUE! | H9: =E9/G9 -> #VALUE! | I9: =SUMIFS(#REF!, 'Transaction History'!L:L,$A9, #REF!,$B9) - SUMIFS(#REF!, 'Transaction History'!L:L,$A9, #REF!,$B9) -> #N/A | J9: =IFERROR( (SUMIFS(#REF!, 'Transaction History'!L:L,$A9, #REF!,$B9) - SUMIFS(#REF!, 'Transaction History'!L:L,$A9, #REF!,$B9)) / ABS(SUMIFS('Transaction History'!F:F, 'Transaction History'!L:L,$A9, #REF!,$B9, 'Transaction History'!B:B,"Bet Stake")), 0) -> 0 | K9: =SUMIFS($I:$I, $A:$A, A9, $C:$C, "<=" & C9) -> 0
C10: 2 | D10: =COUNTIFS('Transaction History'!L:L,$A10, #REF!,$B10, 'Transaction History'!B:B,"Bet Stake") -> #VALUE! | E10: =COUNTIFS('Transaction History'!L:L,$A10, #REF!,$B10, #REF!,"Win") -> #VALUE! | F10: =COUNTIFS('Transaction History'!L:L,$A10, #REF!,$B10, #REF!,"Loss") -> #VALUE! | G10: =E10+F10 -> #VALUE! | H10: =E10/G10 -> #VALUE! | I10: =SUMIFS(#REF!, 'Transaction History'!L:L,$A10, #REF!,$B10) - SUMIFS(#REF!, 'Transaction History'!L:L,$A10, #REF!,$B10) -> #N/A | J10: =IFERROR( (SUMIFS(#REF!, 'Transaction History'!L:L,$A10, #REF!,$B10) - SUMIFS(#REF!, 'Transaction History'!L:L,$A10, #REF!,$B10)) / ABS(SUMIFS('Transaction History'!F:F, 'Transaction History'!L:L,$A10, #REF!,$B10, 'Transaction History'!B:B,"Bet Stake")), 0) -> 0 | K10: =SUMIFS($I:$I, $A:$A, A10, $C:$C, "<=" & C10) -> 0
C11: 3 | D11: =COUNTIFS('Transaction History'!L:L,$A11, #REF!,$B11, 'Transaction History'!B:B,"Bet Stake") -> #VALUE! | E11: =COUNTIFS('Transaction History'!L:L,$A11, #REF!,$B11, #REF!,"Win") -> #VALUE! | F11: =COUNTIFS('Transaction History'!L:L,$A11, #REF!,$B11, #REF!,"Loss") -> #VALUE! | G11: =E11+F11 -> #VALUE! | H11: =E11/G11 -> #VALUE! | I11: =SUMIFS(#REF!, 'Transaction History'!L:L,$A11, #REF!,$B11) - SUMIFS(#REF!, 'Transaction History'!L:L,$A11, #REF!,$B11) -> #N/A | J11: =IFERROR( (SUMIFS(#REF!, 'Transaction History'!L:L,$A11, #REF!,$B11) - SUMIFS(#REF!, 'Transaction History'!L:L,$A11, #REF!,$B11)) / ABS(SUMIFS('Transaction History'!F:F, 'Transaction History'!L:L,$A11, #REF!,$B11, 'Transaction History'!B:B,"Bet Stake")), 0) -> 0 | K11: =SUMIFS($I:$I, $A:$A, A11, $C:$C, "<=" & C11) -> 0
C12: 3 | D12: =COUNTIFS('Transaction History'!L:L,$A12, #REF!,$B12, 'Transaction History'!B:B,"Bet Stake") -> #VALUE! | E12: =COUNTIFS('Transaction History'!L:L,$A12, #REF!,$B12, #REF!,"Win") -> #VALUE! | F12: =COUNTIFS('Transaction History'!L:L,$A12, #REF!,$B12, #REF!,"Loss") -> #VALUE! | G12: =E12+F12 -> #VALUE! | H12: =E12/G12 -> #VALUE! | I12: =SUMIFS(#REF!, 'Transaction History'!L:L,$A12, #REF!,$B12) - SUMIFS(#REF!, 'Transaction History'!L:L,$A12, #REF!,$B12) -> #N/A | J12: =IFERROR( (SUMIFS(#REF!, 'Transaction History'!L:L,$A12, #REF!,$B12) - SUMIFS(#REF!, 'Transaction History'!L:L,$A12, #REF!,$B12)) / ABS(SUMIFS('Transaction History'!F:F, 'Transaction History'!L:L,$A12, #REF!,$B12, 'Transaction History'!B:B,"Bet Stake")), 0) -> 0 | K12: =SUMIFS($I:$I, $A:$A, A12, $C:$C, "<=" & C12) -> 0
C13: 3 | D13: =COUNTIFS('Transaction History'!L:L,$A13, #REF!,$B13, 'Transaction History'!B:B,"Bet Stake") -> #VALUE! | E13: =COUNTIFS('Transaction History'!L:L,$A13, #REF!,$B13, #REF!,"Win") -> #VALUE! | F13: =COUNTIFS('Transaction History'!L:L,$A13, #REF!,$B13, #REF!,"Loss") -> #VALUE! | G13: =E13+F13 -> #VALUE! | H13: =E13/G13 -> #VALUE! | I13: =SUMIFS(#REF!, 'Transaction History'!L:L,$A13, #REF!,$B13) - SUMIFS(#REF!, 'Transaction History'!L:L,$A13, #REF!,$B13) -> #N/A | J13: =IFERROR( (SUMIFS(#REF!, 'Transaction History'!L:L,$A13, #REF!,$B13) - SUMIFS(#REF!, 'Transaction History'!L:L,$A13, #REF!,$B13)) / ABS(SUMIFS('Transaction History'!F:F, 'Transaction History'!L:L,$A13, #REF!,$B13, 'Transaction History'!B:B,"Bet Stake")), 0) -> 0 | K13: =SUMIFS($I:$I, $A:$A, A13, $C:$C, "<=" & C13) -> 0
... C52: 16 | D52: =COUNTIFS('Transaction History'!L:L,$A52, #REF!,$B52, 'Transaction History'!B:B,"Bet Stake") -> #VALUE! | E52: =COUNTIFS('Transaction History'!L:L,$A52, #REF!,$B52, #REF!,"Win") -> #VALUE! | F52: =COUNTIFS('Transaction History'!L:L,$A52, #REF!,$B52, #REF!,"Loss") -> #VALUE! | G52: =E52+F52 -> #VALUE! | H52: =E52/G52 -> #VALUE! | I52: =SUMIFS(#REF!, 'Transaction History'!L:L,$A52, #REF!,$B52) - SUMIFS(#REF!, 'Transaction History'!L:L,$A52, #REF!,$B52) -> #N/A | J52: =IFERROR( (SUMIFS(#REF!, 'Transaction History'!L:L,$A52, #REF!,$B52) - SUMIFS(#REF!, 'Transaction History'!L:L,$A52, #REF!,$B52)) / ABS(SUMIFS('Transaction History'!F:F, 'Transaction History'!L:L,$A52, #REF!,$B52, 'Transaction History'!B:B,"Bet Stake")), 0) -> 0 | K52: =SUMIFS($I:$I, $A:$A, A52, $C:$C, "<=" & C52) -> 0

Sheet Aggregated Return Graph
O29: \

Sheet Return $ Graph

Sheet 1st Quarter
A1: Players | B1: Week | C1: Round | D1: Bets | E1: Wins | F1: Losses | G1: Valid Bets | H1: Win % | I1: Return ($) | J1: Aggregated Win % | K1: Aggregate Return
A2: Shawry | B2: 2026-W10 | C2: 0 | D2: =COUNTIFS('Transaction History'!L:L,$A2, #REF!,$B2, 'Transaction History'!B:B,"Bet Stake") -> #VALUE! | E2: =COUNTIFS('Transaction History'!L:L,$A2, #REF!,$B2, #REF!,"Win") -> #VALUE! | F2: =COUNTIFS('Transaction History'!L:L,$A2, #REF!,$B2, #REF!,"Loss") -> #VALUE! | G2: =E2+F2 -> #VALUE! | H2: =E2/G2 -> #VALUE! | I2: =SUMIFS(#REF!, 'Transaction History'!L:L,$A2, #REF!,$B2) - SUMIFS(#REF!, 'Transaction History'!L:L,$A2, #REF!,$B2) -> #N/A | J2: =SUMIFS($E$2:E2,$A$2:A2,A2)/SUMIFS($G$2:G2,$A$2:A2,A2) -> #VALUE! | K2: =SUMIFS($I$2:I2,$A$2:A2,A2) -> #N/A
A3: Shaz | B3: 2026-W10 | C3: 0 | D3: =COUNTIFS('Transaction History'!L:L,$A3, #REF!,$B3, 'Transaction History'!B:B,"Bet Stake") -> #VALUE! | E3: =COUNTIFS('Transaction History'!L:L,$A3, #REF!,$B3, #REF!,"Win") -> #VALUE! | F3: =COUNTIFS('Transaction History'!L:L,$A3, #REF!,$B3, #REF!,"Loss") -> #VALUE! | G3: =E3+F3 -> #VALUE! | H3: =E3/G3 -> #VALUE! | I3: =SUMIFS(#REF!, 'Transaction History'!L:L,$A3, #REF!,$B3) - SUMIFS(#REF!, 'Transaction History'!L:L,$A3, #REF!,$B3) -> #N/A | J3: =SUMIFS($E$2:E3,$A$2:A3,A3)/SUMIFS($G$2:G3,$A$2:A3,A3) -> #VALUE! | K3: =SUMIFS($I$2:I3,$A$2:A3,A3) -> #N/A
A4: JP | B4: 2026-W10 | C4: 0 | D4: =COUNTIFS('Transaction History'!L:L,$A4, #REF!,$B4, 'Transaction History'!B:B,"Bet Stake") -> #VALUE! | E4: =COUNTIFS('Transaction History'!L:L,$A4, #REF!,$B4, #REF!,"Win") -> #VALUE! | F4: =COUNTIFS('Transaction History'!L:L,$A4, #REF!,$B4, #REF!,"Loss") -> #VALUE! | G4: =E4+F4 -> #VALUE! | H4: =E4/G4 -> #VALUE! | I4: =SUMIFS(#REF!, 'Transaction History'!L:L,$A4, #REF!,$B4) - SUMIFS(#REF!, 'Transaction History'!L:L,$A4, #REF!,$B4) -> #N/A | J4: =SUMIFS($E$2:E4,$A$2:A4,A4)/SUMIFS($G$2:G4,$A$2:A4,A4) -> #VALUE! | K4: =SUMIFS($I$2:I4,$A$2:A4,A4) -> #N/A
A5: Shaz | B5: 2026-W11 | C5: 1 | D5: =COUNTIFS('Transaction History'!L:L,$A5, #REF!,$B5, 'Transaction History'!B:B,"Bet Stake") -> #VALUE! | E5: =COUNTIFS('Transaction History'!L:L,$A5, #REF!,$B5, #REF!,"Win") -> #VALUE! | F5: =COUNTIFS('Transaction History'!L:L,$A5, #REF!,$B5, #REF!,"Loss") -> #VALUE! | G5: =E5+F5 -> #VALUE! | H5: =E5/G5 -> #VALUE! | I5: =SUMIFS(#REF!, 'Transaction History'!L:L,$A5, #REF!,$B5) - SUMIFS(#REF!, 'Transaction History'!L:L,$A5, #REF!,$B5) -> #N/A | J5: =SUMIFS($E$2:E5,$A$2:A5,A5)/SUMIFS($G$2:G5,$A$2:A5,A5) -> #VALUE! | K5: =SUMIFS($I$2:I5,$A$2:A5,A5) -> #N/A
A6: Shawry | B6: 2026-W11 | C6: 1 | D6: =COUNTIFS('Transaction History'!L:L,$A6, #REF!,$B6, 'Transaction History'!B:B,"Bet Stake") -> #VALUE! | E6: =COUNTIFS('Transaction History'!L:L,$A6, #REF!,$B6, #REF!,"Win") -> #VALUE! | F6: =COUNTIFS('Transaction History'!L:L,$A6, #REF!,$B6, #REF!,"Loss") -> #VALUE! | G6: =E6+F6 -> #VALUE! | H6: =E6/G6 -> #VALUE! | I6: =SUMIFS(#REF!, 'Transaction History'!L:L,$A6, #REF!,$B6) - SUMIFS(#REF!, 'Transaction History'!L:L,$A6, #REF!,$B6) -> #N/A | J6: =SUMIFS($E$2:E6,$A$2:A6,A6)/SUMIFS($G$2:G6,$A$2:A6,A6) -> #VALUE! | K6: =SUMIFS($I$2:I6,$A$2:A6,A6) -> #N/A
A7: JP | B7: 2026-W11 | C7: 1 | D7: =COUNTIFS('Transaction History'!L:L,$A7, #REF!,$B7, 'Transaction History'!B:B,"Bet Stake") -> #VALUE! | E7: =COUNTIFS('Transaction History'!L:L,$A7, #REF!,$B7, #REF!,"Win") -> #VALUE! | F7: =COUNTIFS('Transaction History'!L:L,$A7, #REF!,$B7, #REF!,"Loss") -> #VALUE! | G7: =E7+F7 -> #VALUE! | H7: =E7/G7 -> #VALUE! | I7: =SUMIFS(#REF!, 'Transaction History'!L:L,$A7, #REF!,$B7) - SUMIFS(#REF!, 'Transaction History'!L:L,$A7, #REF!,$B7) -> #N/A | J7: =SUMIFS($E$2:E7,$A$2:A7,A7)/SUMIFS($G$2:G7,$A$2:A7,A7) -> #VALUE! | K7: =SUMIFS($I$2:I7,$A$2:A7,A7) -> #N/A
A8: Shawry | B8: 2026-W12 | C8: 2 | D8: =COUNTIFS('Transaction History'!L:L,$A8, #REF!,$B8, 'Transaction History'!B:B,"Bet Stake") -> #VALUE! | E8: =COUNTIFS('Transaction History'!L:L,$A8, #REF!,$B8, #REF!,"Win") -> #VALUE! | F8: =COUNTIFS('Transaction History'!L:L,$A8, #REF!,$B8, #REF!,"Loss") -> #VALUE! | G8: =E8+F8 -> #VALUE! | H8: =E8/G8 -> #VALUE! | I8: =SUMIFS(#REF!, 'Transaction History'!L:L,$A8, #REF!,$B8) - SUMIFS(#REF!, 'Transaction History'!L:L,$A8, #REF!,$B8) -> #N/A | J8: =SUMIFS($E$2:E8,$A$2:A8,A8)/SUMIFS($G$2:G8,$A$2:A8,A8) -> #VALUE! | K8: =SUMIFS($I$2:I8,$A$2:A8,A8) -> #N/A
A9: Shaz | B9: 2026-W12 | C9: 2 | D9: =COUNTIFS('Transaction History'!L:L,$A9, #REF!,$B9, 'Transaction History'!B:B,"Bet Stake") -> #VALUE! | E9: =COUNTIFS('Transaction History'!L:L,$A9, #REF!,$B9, #REF!,"Win") -> #VALUE! | F9: =COUNTIFS('Transaction History'!L:L,$A9, #REF!,$B9, #REF!,"Loss") -> #VALUE! | G9: =E9+F9 -> #VALUE! | H9: =E9/G9 -> #VALUE! | I9: =SUMIFS(#REF!, 'Transaction History'!L:L,$A9, #REF!,$B9) - SUMIFS(#REF!, 'Transaction History'!L:L,$A9, #REF!,$B9) -> #N/A | J9: =SUMIFS($E$2:E9,$A$2:A9,A9)/SUMIFS($G$2:G9,$A$2:A9,A9) -> #VALUE! | K9: =SUMIFS($I$2:I9,$A$2:A9,A9) -> #N/A
A10: JP | B10: 2026-W12 | C10: 2 | D10: =COUNTIFS('Transaction History'!L:L,$A10, #REF!,$B10, 'Transaction History'!B:B,"Bet Stake") -> #VALUE! | E10: =COUNTIFS('Transaction History'!L:L,$A10, #REF!,$B10, #REF!,"Win") -> #VALUE! | F10: =COUNTIFS('Transaction History'!L:L,$A10, #REF!,$B10, #REF!,"Loss") -> #VALUE! | G10: =E10+F10 -> #VALUE! | H10: =E10/G10 -> #VALUE! | I10: =SUMIFS(#REF!, 'Transaction History'!L:L,$A10, #REF!,$B10) - SUMIFS(#REF!, 'Transaction History'!L:L,$A10, #REF!,$B10) -> #N/A | J10: =SUMIFS($E$2:E10,$A$2:A10,A10)/SUMIFS($G$2:G10,$A$2:A10,A10) -> #VALUE! | K10: =SUMIFS($I$2:I10,$A$2:A10,A10) -> #N/A
A11: Shawry | B11: 2026-W13 | C11: 3 | D11: =COUNTIFS('Transaction History'!L:L,$A11, #REF!,$B11, 'Transaction History'!B:B,"Bet Stake") -> #VALUE! | E11: =COUNTIFS('Transaction History'!L:L,$A11, #REF!,$B11, #REF!,"Win") -> #VALUE! | F11: =COUNTIFS('Transaction History'!L:L,$A11, #REF!,$B11, #REF!,"Loss") -> #VALUE! | G11: =E11+F11 -> #VALUE! | H11: =E11/G11 -> #VALUE! | I11: =SUMIFS(#REF!, 'Transaction History'!L:L,$A11, #REF!,$B11) - SUMIFS(#REF!, 'Transaction History'!L:L,$A11, #REF!,$B11) -> #N/A | J11: =SUMIFS($E$2:E11,$A$2:A11,A11)/SUMIFS($G$2:G11,$A$2:A11,A11) -> #VALUE! | K11: =SUMIFS($I$2:I11,$A$2:A11,A11) -> #N/A
A12: Shaz | B12: 2026-W13 | C12: 3 | D12: =COUNTIFS('Transaction History'!L:L,$A12, #REF!,$B12, 'Transaction History'!B:B,"Bet Stake") -> #VALUE! | E12: =COUNTIFS('Transaction History'!L:L,$A12, #REF!,$B12, #REF!,"Win") -> #VALUE! | F12: =COUNTIFS('Transaction History'!L:L,$A12, #REF!,$B12, #REF!,"Loss") -> #VALUE! | G12: =E12+F12 -> #VALUE! | H12: =E12/G12 -> #VALUE! | I12: =SUMIFS(#REF!, 'Transaction History'!L:L,$A12, #REF!,$B12) - SUMIFS(#REF!, 'Transaction History'!L:L,$A12, #REF!,$B12) -> #N/A | J12: =SUMIFS($E$2:E12,$A$2:A12,A12)/SUMIFS($G$2:G12,$A$2:A12,A12) -> #VALUE! | K12: =SUMIFS($I$2:I12,$A$2:A12,A12) -> #N/A
A13: JP | B13: 2026-W13 | C13: 3 | D13: =COUNTIFS('Transaction History'!L:L,$A13, #REF!,$B13, 'Transaction History'!B:B,"Bet Stake") -> #VALUE! | E13: =COUNTIFS('Transaction History'!L:L,$A13, #REF!,$B13, #REF!,"Win") -> #VALUE! | F13: =COUNTIFS('Transaction History'!L:L,$A13, #REF!,$B13, #REF!,"Loss") -> #VALUE! | G13: =E13+F13 -> #VALUE! | H13: =E13/G13 -> #VALUE! | I13: =SUMIFS(#REF!, 'Transaction History'!L:L,$A13, #REF!,$B13) - SUMIFS(#REF!, 'Transaction History'!L:L,$A13, #REF!,$B13) -> #N/A | J13: =SUMIFS($E$2:E13,$A$2:A13,A13)/SUMIFS($G$2:G13,$A$2:A13,A13) -> #VALUE! | K13: =SUMIFS($I$2:I13,$A$2:A13,A13) -> #N/A
... A22: Shaz | B22: 2026-W16 | C22: 6 | D22: =COUNTIFS('Transaction History'!L:L,$A22, #REF!,$B22, 'Transaction History'!B:B,"Bet Stake") -> #VALUE! | E22: =COUNTIFS('Transaction History'!L:L,$A22, #REF!,$B22, #REF!,"Win") -> #VALUE! | F22: =COUNTIFS('Transaction History'!L:L,$A22, #REF!,$B22, #REF!,"Loss") -> #VALUE! | G22: =E22+F22 -> #VALUE! | H22: =E22/G22 -> #VALUE! | I22: =SUMIFS(#REF!, 'Transaction History'!L:L,$A22, #REF!,$B22) - SUMIFS(#REF!, 'Transaction History'!L:L,$A22, #REF!,$B22) -> #N/A | J22: =SUMIFS($E$2:E22,$A$2:A22,A22)/SUMIFS($G$2:G22,$A$2:A22,A22) -> #VALUE! | K22: =SUMIFS($I$2:I22,$A$2:A22,A22) -> #N/A
A24: Bet Summary | B24: Total Bets Placed | C24: Total Valid Bets | D24: Wins | E24: Losses | F24: Voids | G24: Cashed Out | H24: Total Win % | I24: $ Wins | J24: $ Losses | K24: $ Profit | L24: Balance
A25: JP
A26: Shawry
A27: Shaz

Sheet 2nd Quarter
A1: Players | B1: Week | C1: Round | D1: Bets | E1: Wins | F1: Losses | G1: Valid Bets | H1: Win % | I1: Return ($) | J1: Return % | K1: Aggregate Return
A2: Shaz | B2: 2026-W17 | C2: 7 | D2: =COUNTIFS('Transaction History'!L:L,$A2, #REF!,$B2, 'Transaction History'!B:B,"Bet Stake") -> #VALUE! | E2: =COUNTIFS('Transaction History'!L:L,$A2, #REF!,$B2, #REF!,"Win") -> #VALUE! | F2: =COUNTIFS('Transaction History'!L:L,$A2, #REF!,$B2, #REF!,"Loss") -> #VALUE! | G2: =E2+F2 -> #VALUE! | H2: =E2/G2 -> #VALUE! | I2: =SUMIFS(#REF!, 'Transaction History'!L:L,$A2, #REF!,$B2) - SUMIFS(#REF!, 'Transaction History'!L:L,$A2, #REF!,$B2) -> #N/A | J2: =SUMIFS($E$2:E2,$A$2:A2,A2)/SUMIFS($G$2:G2,$A$2:A2,A2) -> #VALUE! | K2: =SUMIFS($I$2:I2,$A$2:A2,A2) -> #N/A
A3: JP | B3: 2026-W17 | C3: 7 | D3: =COUNTIFS('Transaction History'!L:L,$A3, #REF!,$B3, 'Transaction History'!B:B,"Bet Stake") -> #VALUE! | E3: =COUNTIFS('Transaction History'!L:L,$A3, #REF!,$B3, #REF!,"Win") -> #VALUE! | F3: =COUNTIFS('Transaction History'!L:L,$A3, #REF!,$B3, #REF!,"Loss") -> #VALUE! | G3: =E3+F3 -> #VALUE! | H3: =E3/G3 -> #VALUE! | I3: =SUMIFS(#REF!, 'Transaction History'!L:L,$A3, #REF!,$B3) - SUMIFS(#REF!, 'Transaction History'!L:L,$A3, #REF!,$B3) -> #N/A | J3: =SUMIFS($E$2:E3,$A$2:A3,A3)/SUMIFS($G$2:G3,$A$2:A3,A3) -> #VALUE! | K3: =SUMIFS($I$2:I3,$A$2:A3,A3) -> #N/A
A4: Shawry | B4: 2026-W17 | C4: 7 | D4: =COUNTIFS('Transaction History'!L:L,$A4, #REF!,$B4, 'Transaction History'!B:B,"Bet Stake") -> #VALUE! | E4: =COUNTIFS('Transaction History'!L:L,$A4, #REF!,$B4, #REF!,"Win") -> #VALUE! | F4: =COUNTIFS('Transaction History'!L:L,$A4, #REF!,$B4, #REF!,"Loss") -> #VALUE! | G4: =E4+F4 -> #VALUE! | H4: =E4/G4 -> #VALUE! | I4: =SUMIFS(#REF!, 'Transaction History'!L:L,$A4, #REF!,$B4) - SUMIFS(#REF!, 'Transaction History'!L:L,$A4, #REF!,$B4) -> #N/A | J4: =SUMIFS($E$2:E4,$A$2:A4,A4)/SUMIFS($G$2:G4,$A$2:A4,A4) -> #VALUE! | K4: =SUMIFS($I$2:I4,$A$2:A4,A4) -> #N/A
A5: Shawry | B5: 2026-W18 | C5: 8 | D5: =COUNTIFS('Transaction History'!L:L,$A5, #REF!,$B5, 'Transaction History'!B:B,"Bet Stake") -> #VALUE! | E5: =COUNTIFS('Transaction History'!L:L,$A5, #REF!,$B5, #REF!,"Win") -> #VALUE! | F5: =COUNTIFS('Transaction History'!L:L,$A5, #REF!,$B5, #REF!,"Loss") -> #VALUE! | G5: =E5+F5 -> #VALUE! | H5: =E5/G5 -> #VALUE! | I5: =SUMIFS(#REF!, 'Transaction History'!L:L,$A5, #REF!,$B5) - SUMIFS(#REF!, 'Transaction History'!L:L,$A5, #REF!,$B5) -> #N/A | J5: =SUMIFS($E$2:E5,$A$2:A5,A5)/SUMIFS($G$2:G5,$A$2:A5,A5) -> #VALUE! | K5: =SUMIFS($I$2:I5,$A$2:A5,A5) -> #N/A
A6: Shaz | B6: 2026-W18 | C6: 8 | D6: =COUNTIFS('Transaction History'!L:L,$A6, #REF!,$B6, 'Transaction History'!B:B,"Bet Stake") -> #VALUE! | E6: =COUNTIFS('Transaction History'!L:L,$A6, #REF!,$B6, #REF!,"Win") -> #VALUE! | F6: =COUNTIFS('Transaction History'!L:L,$A6, #REF!,$B6, #REF!,"Loss") -> #VALUE! | G6: =E6+F6 -> #VALUE! | H6: =E6/G6 -> #VALUE! | I6: =SUMIFS(#REF!, 'Transaction History'!L:L,$A6, #REF!,$B6) - SUMIFS(#REF!, 'Transaction History'!L:L,$A6, #REF!,$B6) -> #N/A | J6: =SUMIFS($E$2:E6,$A$2:A6,A6)/SUMIFS($G$2:G6,$A$2:A6,A6) -> #VALUE! | K6: =SUMIFS($I$2:I6,$A$2:A6,A6) -> #N/A
A7: JP | B7: 2026-W18 | C7: 8 | D7: =COUNTIFS('Transaction History'!L:L,$A7, #REF!,$B7, 'Transaction History'!B:B,"Bet Stake") -> #VALUE! | E7: =COUNTIFS('Transaction History'!L:L,$A7, #REF!,$B7, #REF!,"Win") -> #VALUE! | F7: =COUNTIFS('Transaction History'!L:L,$A7, #REF!,$B7, #REF!,"Loss") -> #VALUE! | G7: =E7+F7 -> #VALUE! | H7: =E7/G7 -> #VALUE! | I7: =SUMIFS(#REF!, 'Transaction History'!L:L,$A7, #REF!,$B7) - SUMIFS(#REF!, 'Transaction History'!L:L,$A7, #REF!,$B7) -> #N/A | J7: =SUMIFS($E$2:E7,$A$2:A7,A7)/SUMIFS($G$2:G7,$A$2:A7,A7) -> #VALUE! | K7: =SUMIFS($I$2:I7,$A$2:A7,A7) -> #N/A
A8: JP | B8: 2026-W19 | C8: 9 | D8: =COUNTIFS('Transaction History'!L:L,$A8, #REF!,$B8, 'Transaction History'!B:B,"Bet Stake") -> #VALUE! | E8: =COUNTIFS('Transaction History'!L:L,$A8, #REF!,$B8, #REF!,"Win") -> #VALUE! | F8: =COUNTIFS('Transaction History'!L:L,$A8, #REF!,$B8, #REF!,"Loss") -> #VALUE! | G8: =E8+F8 -> #VALUE! | H8: =E8/G8 -> #VALUE! | I8: =SUMIFS(#REF!, 'Transaction History'!L:L,$A8, #REF!,$B8) - SUMIFS(#REF!, 'Transaction History'!L:L,$A8, #REF!,$B8) -> #N/A | J8: =SUMIFS($E$2:E8,$A$2:A8,A8)/SUMIFS($G$2:G8,$A$2:A8,A8) -> #VALUE! | K8: =SUMIFS($I$2:I8,$A$2:A8,A8) -> #N/A
A9: Shawry | B9: 2026-W19 | C9: 9 | D9: =COUNTIFS('Transaction History'!L:L,$A9, #REF!,$B9, 'Transaction History'!B:B,"Bet Stake") -> #VALUE! | E9: =COUNTIFS('Transaction History'!L:L,$A9, #REF!,$B9, #REF!,"Win") -> #VALUE! | F9: =COUNTIFS('Transaction History'!L:L,$A9, #REF!,$B9, #REF!,"Loss") -> #VALUE! | G9: =E9+F9 -> #VALUE! | H9: =E9/G9 -> #VALUE! | I9: =SUMIFS(#REF!, 'Transaction History'!L:L,$A9, #REF!,$B9) - SUMIFS(#REF!, 'Transaction History'!L:L,$A9, #REF!,$B9) -> #N/A | J9: =SUMIFS($E$2:E9,$A$2:A9,A9)/SUMIFS($G$2:G9,$A$2:A9,A9) -> #VALUE! | K9: =SUMIFS($I$2:I9,$A$2:A9,A9) -> #N/A
A10: Shaz | B10: 2026-W19 | C10: 9 | D10: =COUNTIFS('Transaction History'!L:L,$A10, #REF!,$B10, 'Transaction History'!B:B,"Bet Stake") -> #VALUE! | E10: =COUNTIFS('Transaction History'!L:L,$A10, #REF!,$B10, #REF!,"Win") -> #VALUE! | F10: =COUNTIFS('Transaction History'!L:L,$A10, #REF!,$B10, #REF!,"Loss") -> #VALUE! | G10: =E10+F10 -> #VALUE! | H10: =E10/G10 -> #VALUE! | I10: =SUMIFS(#REF!, 'Transaction History'!L:L,$A10, #REF!,$B10) - SUMIFS(#REF!, 'Transaction History'!L:L,$A10, #REF!,$B10) -> #N/A | J10: =SUMIFS($E$2:E10,$A$2:A10,A10)/SUMIFS($G$2:G10,$A$2:A10,A10) -> #VALUE! | K10: =SUMIFS($I$2:I10,$A$2:A10,A10) -> #N/A
A11: Shawry | B11: 2026-W20 | C11: 10 | D11: =COUNTIFS('Transaction History'!L:L,$A11, #REF!,$B11, 'Transaction History'!B:B,"Bet Stake") -> #VALUE! | E11: =COUNTIFS('Transaction History'!L:L,$A11, #REF!,$B11, #REF!,"Win") -> #VALUE! | F11: =COUNTIFS('Transaction History'!L:L,$A11, #REF!,$B11, #REF!,"Loss") -> #VALUE! | G11: =E11+F11 -> #VALUE! | H11: =E11/G11 -> #VALUE! | I11: =SUMIFS(#REF!, 'Transaction History'!L:L,$A11, #REF!,$B11) - SUMIFS(#REF!, 'Transaction History'!L:L,$A11, #REF!,$B11) -> #N/A | J11: =SUMIFS($E$2:E11,$A$2:A11,A11)/SUMIFS($G$2:G11,$A$2:A11,A11) -> #VALUE! | K11: =SUMIFS($I$2:I11,$A$2:A11,A11) -> #N/A
A12: JP | B12: 2026-W20 | C12: 10 | D12: =COUNTIFS('Transaction History'!L:L,$A12, #REF!,$B12, 'Transaction History'!B:B,"Bet Stake") -> #VALUE! | E12: =COUNTIFS('Transaction History'!L:L,$A12, #REF!,$B12, #REF!,"Win") -> #VALUE! | F12: =COUNTIFS('Transaction History'!L:L,$A12, #REF!,$B12, #REF!,"Loss") -> #VALUE! | G12: =E12+F12 -> #VALUE! | H12: =E12/G12 -> #VALUE! | I12: =SUMIFS(#REF!, 'Transaction History'!L:L,$A12, #REF!,$B12) - SUMIFS(#REF!, 'Transaction History'!L:L,$A12, #REF!,$B12) -> #N/A | J12: =SUMIFS($E$2:E12,$A$2:A12,A12)/SUMIFS($G$2:G12,$A$2:A12,A12) -> #VALUE! | K12: =SUMIFS($I$2:I12,$A$2:A12,A12) -> #N/A
A13: Shaz | B13: 2026-W20 | C13: 10 | D13: =COUNTIFS('Transaction History'!L:L,$A13, #REF!,$B13, 'Transaction History'!B:B,"Bet Stake") -> #VALUE! | E13: =COUNTIFS('Transaction History'!L:L,$A13, #REF!,$B13, #REF!,"Win") -> #VALUE! | F13: =COUNTIFS('Transaction History'!L:L,$A13, #REF!,$B13, #REF!,"Loss") -> #VALUE! | G13: =E13+F13 -> #VALUE! | H13: =E13/G13 -> #VALUE! | I13: =SUMIFS(#REF!, 'Transaction History'!L:L,$A13, #REF!,$B13) - SUMIFS(#REF!, 'Transaction History'!L:L,$A13, #REF!,$B13) -> #N/A | J13: =SUMIFS($E$2:E13,$A$2:A13,A13)/SUMIFS($G$2:G13,$A$2:A13,A13) -> #VALUE! | K13: =SUMIFS($I$2:I13,$A$2:A13,A13) -> #N/A
... A19: JP | B19: 2026-W22 | C19: 12 | D19: =COUNTIFS('Transaction History'!L:L,$A19, #REF!,$B19, 'Transaction History'!B:B,"Bet Stake") -> #VALUE! | E19: =COUNTIFS('Transaction History'!L:L,$A19, #REF!,$B19, #REF!,"Win") -> #VALUE! | F19: =COUNTIFS('Transaction History'!L:L,$A19, #REF!,$B19, #REF!,"Loss") -> #VALUE! | G19: =E19+F19 -> #VALUE! | H19: =E19/G19 -> #VALUE! | I19: =SUMIFS(#REF!, 'Transaction History'!L:L,$A19, #REF!,$B19) - SUMIFS(#REF!, 'Transaction History'!L:L,$A19, #REF!,$B19) -> #N/A | J19: =SUMIFS($E$2:E19,$A$2:A19,A19)/SUMIFS($G$2:G19,$A$2:A19,A19) -> #VALUE! | K19: =SUMIFS($I$2:I19,$A$2:A19,A19) -> #N/A

Sheet 3rd Quarter
A1: Players | B1: Week | C1: Round | D1: Bets | E1: Wins | F1: Losses | G1: Valid Bets | H1: Win % | I1: Return ($) | J1: Return % | K1: Aggregate Return
A2: Shawry | B2: 2026-W23 | C2: 13 | D2: 2 | E2: 1 | F2: 1 | G2: 2 | H2: 0.5 | I2: 56 | J2: =SUMIFS($E$2:E2,$A$2:A2,A2)/SUMIFS($G$2:G2,$A$2:A2,A2) -> 0.5 | K2: =SUMIFS($I$2:I2,$A$2:A2,A2) -> 56
A3: Shaz | B3: 2026-W23 | C3: 13 | D3: 2 | E3: 1 | F3: 1 | G3: 2 | H3: 0.5 | I3: 24.65 | J3: =SUMIFS($E$2:E3,$A$2:A3,A3)/SUMIFS($G$2:G3,$A$2:A3,A3) -> 0.5 | K3: =SUMIFS($I$2:I3,$A$2:A3,A3) -> 24.65
A4: JP | B4: 2026-W23 | C4: 13 | D4: 2 | E4: 2 | F4: 0 | G4: 2 | H4: 1 | I4: 78.2 | J4: =SUMIFS($E$2:E4,$A$2:A4,A4)/SUMIFS($G$2:G4,$A$2:A4,A4) -> 1 | K4: =SUMIFS($I$2:I4,$A$2:A4,A4) -> 78.2
A5: Shawry | B5: 2026-W24 | C5: 14 | D5: 3 | E5: 0 | F5: 3 | G5: 3 | H5: 0 | I5: -66 | J5: =SUMIFS($E$2:E5,$A$2:A5,A5)/SUMIFS($G$2:G5,$A$2:A5,A5) -> 0.2 | K5: =SUMIFS($I$2:I5,$A$2:A5,A5) -> -10
A6: Shaz | B6: 2026-W24 | C6: 14 | D6: 4 | E6: 1 | F6: 3 | G6: 4 | H6: 0.25 | I6: -11 | J6: =SUMIFS($E$2:E6,$A$2:A6,A6)/SUMIFS($G$2:G6,$A$2:A6,A6) -> 0.33333333 | K6: =SUMIFS($I$2:I6,$A$2:A6,A6) -> 13.65
A7: JP | B7: 2026-W24 | C7: 14 | D7: 3 | E7: 1 | F7: 1 | G7: 2 | H7: 0.5 | I7: 33 | J7: =SUMIFS($E$2:E7,$A$2:A7,A7)/SUMIFS($G$2:G7,$A$2:A7,A7) -> 0.75 | K7: =SUMIFS($I$2:I7,$A$2:A7,A7) -> 111.2
A8: Shawry | B8: 2026-W25 | C8: 15 | D8: 4 | E8: 3 | F8: 0 | G8: 3 | H8: 1 | I8: 90.94 | J8: =SUMIFS($E$2:E8,$A$2:A8,A8)/SUMIFS($G$2:G8,$A$2:A8,A8) -> 0.5 | K8: =SUMIFS($I$2:I8,$A$2:A8,A8) -> 80.94
A9: Shaz | B9: 2026-W25 | C9: 15 | D9: 3 | E9: 1 | F9: 2 | G9: 3 | H9: 0.33333333 | I9: 26.2 | J9: =SUMIFS($E$2:E9,$A$2:A9,A9)/SUMIFS($G$2:G9,$A$2:A9,A9) -> 0.33333333 | K9: =SUMIFS($I$2:I9,$A$2:A9,A9) -> 39.85
A10: JP | B10: 2026-W25 | C10: 15 | D10: 2 | E10: 0 | F10: 2 | G10: 2 | H10: 0 | I10: -57 | J10: =SUMIFS($E$2:E10,$A$2:A10,A10)/SUMIFS($G$2:G10,$A$2:A10,A10) -> 0.5 | K10: =SUMIFS($I$2:I10,$A$2:A10,A10) -> 54.2
A11: Shawry | B11: 2026-W26 | C11: 16 | D11: =COUNTIFS('Transaction History'!L:L,$A11, #REF!,$B11, 'Transaction History'!B:B,"Bet Stake") -> #VALUE! | E11: =COUNTIFS('Transaction History'!L:L,$A11, #REF!,$B11, #REF!,"Win") -> #VALUE! | F11: =COUNTIFS('Transaction History'!L:L,$A11, #REF!,$B11, #REF!,"Loss") -> #VALUE! | G11: =E11+F11 -> #VALUE! | H11: =E11/G11 -> #VALUE! | I11: =SUMIFS(#REF!, 'Transaction History'!L:L,$A11, #REF!,$B11) - SUMIFS(#REF!, 'Transaction History'!L:L,$A11, #REF!,$B11) -> #N/A | J11: =SUMIFS($E$2:E11,$A$2:A11,A11)/SUMIFS($G$2:G11,$A$2:A11,A11) -> #VALUE! | K11: =SUMIFS($I$2:I11,$A$2:A11,A11) -> #N/A
A12: Shaz | B12: 2026-W26 | C12: 16 | D12: =COUNTIFS('Transaction History'!L:L,$A12, #REF!,$B12, 'Transaction History'!B:B,"Bet Stake") -> #VALUE! | E12: =COUNTIFS('Transaction History'!L:L,$A12, #REF!,$B12, #REF!,"Win") -> #VALUE! | F12: =COUNTIFS('Transaction History'!L:L,$A12, #REF!,$B12, #REF!,"Loss") -> #VALUE! | G12: =E12+F12 -> #VALUE! | H12: =E12/G12 -> #VALUE! | I12: =SUMIFS(#REF!, 'Transaction History'!L:L,$A12, #REF!,$B12) - SUMIFS(#REF!, 'Transaction History'!L:L,$A12, #REF!,$B12) -> #N/A | J12: =SUMIFS($E$2:E12,$A$2:A12,A12)/SUMIFS($G$2:G12,$A$2:A12,A12) -> #VALUE! | K12: =SUMIFS($I$2:I12,$A$2:A12,A12) -> #N/A
A13: JP | B13: 2026-W26 | C13: 16 | D13: =COUNTIFS('Transaction History'!L:L,$A13, #REF!,$B13, 'Transaction History'!B:B,"Bet Stake") -> #VALUE! | E13: =COUNTIFS('Transaction History'!L:L,$A13, #REF!,$B13, #REF!,"Win") -> #VALUE! | F13: =COUNTIFS('Transaction History'!L:L,$A13, #REF!,$B13, #REF!,"Loss") -> #VALUE! | G13: =E13+F13 -> #VALUE! | H13: =E13/G13 -> #VALUE! | I13: =SUMIFS(#REF!, 'Transaction History'!L:L,$A13, #REF!,$B13) - SUMIFS(#REF!, 'Transaction History'!L:L,$A13, #REF!,$B13) -> #N/A | J13: =SUMIFS($E$2:E13,$A$2:A13,A13)/SUMIFS($G$2:G13,$A$2:A13,A13) -> #VALUE! | K13: =SUMIFS($I$2:I13,$A$2:A13,A13) -> #N/A

Sheet 4th Quarter
A1: Players | B1: Week | C1: Round | D1: Bets | E1: Wins | F1: Losses | G1: Valid Bets | H1: Win % | I1: Return ($) | J1: Return % | K1: Aggregate Return

Sheet Playoffs
